UTC,Heat load forecast [MW],L11 Heat storage energy [MWh],L11 EK plan [MW],L13 HR plan [MW],L11 VP plan [MW],L02 VP plan [MW],L31 VP plan [MW],L11 Sonfor plan [MW],L11 K5 plan [MW],L11 K8 plan [MW],D41 VP MDC plan [MW],Total heat production plan [MW],Spotprice Prediction [DKK/MWh],Spotprice [DKK/MWh]
2025-03-10 00:00:00+00:00,4.78,44.67,12.0,0.02,0.1,0.1,0.2,0.0,0.0,0,0,12.42,707.94,708.1
2025-03-10 00:15:00+00:00,4.78,46.71,12.0,0.02,0.1,0.1,0.2,0.0,0.0,0,0,12.42,,
2025-03-10 00:30:00+00:00,4.78,47.8,12.0,0.02,0.1,0.1,0.2,0.0,0.0,0,0,12.42,,
2025-03-10 00:45:00+00:00,4.78,48.65,12.0,0.02,0.1,0.1,0.2,0.0,0.0,0,0,12.42,,
2025-03-10 01:00:00+00:00,4.62,51.18,12.0,0.01,0.1,0.1,0.2,0.0,0.0,0,0,12.41,721.21,721.38
2025-03-10 01:15:00+00:00,4.62,53.09,12.0,0.01,0.1,0.1,0.2,0.0,0.0,0,0,12.41,,
2025-03-10 01:30:00+00:00,4.62,55.83,12.0,0.01,0.1,0.1,0.2,0.0,0.0,0,0,12.41,,
2025-03-10 01:45:00+00:00,4.62,57.7,12.0,0.01,0.1,0.1,0.2,0.0,0.0,0,0,12.41,,
2025-03-10 02:00:00+00:00,4.14,59.43,12.0,0.01,0.1,0.1,0.2,0.0,0.0,0,0,12.41,722.48,722.65
2025-03-10 02:15:00+00:00,4.14,62.04,12.0,0.01,0.1,0.1,0.2,0.0,0.0,0,0,12.41,,
2025-03-10 02:30:00+00:00,4.14,62.62,12.0,0.01,0.1,0.1,0.2,0.0,0.0,0,0,12.41,,
2025-03-10 02:45:00+00:00,4.14,62.74,12.0,0.01,0.1,0.1,0.2,0.0,0.0,0,0,12.41,,
2025-03-10 03:00:00+00:00,4.68,62.75,12.0,0.06,0.1,0.1,0.2,0.0,0.0,0,0,12.46,671.09,671.25
2025-03-10 03:15:00+00:00,4.68,62.76,12.0,0.06,0.1,0.1,0.2,0.0,0.0,0,0,12.46,,
2025-03-10 03:30:00+00:00,4.68,62.77,12.0,0.06,0.1,0.1,0.2,0.0,0.0,0,0,12.46,,
2025-03-10 03:45:00+00:00,4.68,62.77,12.0,0.06,0.1,0.1,0.2,0.0,0.0,0,0,12.46,,
2025-03-10 04:00:00+00:00,5.05,62.77,12.0,0.04,0.1,0.1,0.2,0.0,0.0,0,0,12.44,754.33,754.5
2025-03-10 04:15:00+00:00,5.05,62.77,12.0,0.04,0.1,0.1,0.2,0.0,0.0,0,0,12.44,,
2025-03-10 04:30:00+00:00,5.05,62.78,12.0,0.04,0.1,0.1,0.2,0.0,0.0,0,0,12.44,,
2025-03-10 04:45:00+00:00,5.05,62.78,12.0,0.04,0.1,0.1,0.2,0.0,0.0,0,0,12.44,,
2025-03-10 05:00:00+00:00,5.73,62.78,5.51,0.06,0.1,0.1,0.2,0.0,0.0,0,0,5.97,1075.85,1076.1
2025-03-10 05:15:00+00:00,5.73,62.78,5.51,0.06,0.1,0.1,0.2,0.0,0.0,0,0,5.97,,
2025-03-10 05:30:00+00:00,5.73,62.79,5.51,0.06,0.1,0.1,0.2,0.0,0.0,0,0,5.97,,
2025-03-10 05:45:00+00:00,5.73,62.79,5.51,0.06,0.1,0.1,0.2,0.0,0.0,0,0,5.97,,
2025-03-10 06:00:00+00:00,5.89,62.78,0.0,0.25,0.1,0.1,0.2,0.0,0.0,0,0,0.65,1144.25,1144.51
2025-03-10 06:15:00+00:00,5.89,62.74,0.0,0.25,0.1,0.1,0.2,0.0,0.0,0,0,0.65,,
2025-03-10 06:30:00+00:00,5.89,62.54,0.0,0.25,0.1,0.1,0.2,0.0,0.0,0,0,0.65,,
2025-03-10 06:45:00+00:00,5.89,61.07,0.0,0.25,0.1,0.1,0.2,0.0,0.0,0,0,0.65,,
2025-03-10 07:00:00+00:00,5.45,,0.0,0.23,0.2,0.2,0.4,0.1,0.0,0,0,1.13,999.11,999.34
2025-03-10 07:15:00+00:00,5.45,,0.0,0.23,0.2,0.2,0.4,0.1,0.0,0,0,1.13,,
2025-03-10 07:30:00+00:00,5.45,,0.0,0.23,0.2,0.2,0.4,0.1,0.0,0,0,1.13,,
2025-03-10 07:45:00+00:00,5.45,,0.0,0.23,0.2,0.2,0.4,0.1,0.0,0,0,1.13,,
2025-03-10 08:00:00+00:00,4.64,,0.0,0.24,0.2,0.2,0.4,0.1,0.0,0,0,1.14,737.47,737.64
2025-03-10 08:15:00+00:00,4.64,,0.0,0.24,0.2,0.2,0.4,0.1,0.0,0,0,1.14,,
2025-03-10 08:30:00+00:00,4.64,,0.0,0.24,0.2,0.2,0.4,0.1,0.0,0,0,1.14,,
2025-03-10 08:45:00+00:00,4.64,,0.0,0.24,0.2,0.2,0.4,0.1,0.0,0,0,1.14,,
2025-03-10 09:00:00+00:00,3.94,,0.0,0.25,0.2,0.2,0.4,0.1,0.0,0,0,1.15,629.33,629.47
2025-03-10 09:15:00+00:00,3.94,,0.0,0.25,0.2,0.2,0.4,0.1,0.0,0,0,1.15,,
2025-03-10 09:30:00+00:00,3.94,,0.0,0.25,0.2,0.2,0.4,0.1,0.0,0,0,1.15,,
2025-03-10 09:45:00+00:00,3.94,,0.0,0.25,0.2,0.2,0.4,0.1,0.0,0,0,1.15,,
2025-03-10 10:00:00+00:00,3.46,,0.0,0.24,0.2,0.2,0.4,0.1,0.0,0,0,1.14,580.85,580.98
2025-03-10 10:15:00+00:00,3.46,,0.0,0.24,0.2,0.2,0.4,0.1,0.0,0,0,1.14,,
2025-03-10 10:30:00+00:00,3.46,,0.0,0.24,0.2,0.2,0.4,0.1,0.0,0,0,1.14,,
2025-03-10 10:45:00+00:00,3.46,,0.0,0.24,0.2,0.2,0.4,0.1,0.0,0,0,1.14,,
2025-03-10 11:00:00+00:00,3.24,,0.0,0.19,0.2,0.2,0.4,0.1,0.0,0,0,1.09,566.98,567.11
2025-03-10 11:15:00+00:00,3.24,,0.0,0.19,0.2,0.2,0.4,0.1,0.0,0,0,1.09,,
2025-03-10 11:30:00+00:00,3.24,,0.0,0.19,0.2,0.2,0.4,0.1,0.0,0,0,1.09,,
2025-03-10 11:45:00+00:00,3.24,,0.0,0.19,0.2,0.2,0.4,0.1,0.0,0,0,1.09,,
2025-03-10 12:00:00+00:00,3.08,,0.0,0.24,0.2,0.2,0.4,0.1,0.0,0,0,1.14,576.67,576.81
2025-03-10 12:15:00+00:00,3.08,,0.0,0.24,0.2,0.2,0.4,0.1,0.0,0,0,1.14,,
2025-03-10 12:30:00+00:00,3.08,,0.0,0.24,0.2,0.2,0.4,0.1,0.0,0,0,1.14,,
2025-03-10 12:45:00+00:00,3.08,,0.0,0.24,0.2,0.2,0.4,0.1,0.0,0,0,1.14,,
2025-03-10 13:00:00+00:00,2.98,,0.0,0.18,0.2,0.2,0.4,0.1,0.0,0,0,1.08,625.82,625.97
2025-03-10 13:15:00+00:00,2.98,,0.0,0.18,0.2,0.2,0.4,0.1,0.0,0,0,1.08,,
2025-03-10 13:30:00+00:00,2.98,,0.0,0.18,0.2,0.2,0.4,0.1,0.0,0,0,1.08,,
2025-03-10 13:45:00+00:00,2.98,,0.0,0.18,0.2,0.2,0.4,0.1,0.0,0,0,1.08,,
2025-03-10 14:00:00+00:00,2.92,,0.0,0.25,0.2,0.2,0.4,0.1,0.0,0,0,1.14,719.8,719.96
2025-03-10 14:15:00+00:00,2.92,,0.0,0.25,0.2,0.2,0.4,0.1,0.0,0,0,1.14,,
2025-03-10 14:30:00+00:00,2.92,,0.0,0.25,0.2,0.2,0.4,0.1,0.0,0,0,1.14,,
2025-03-10 14:45:00+00:00,2.92,,0.0,0.25,0.2,0.2,0.4,0.1,0.0,0,0,1.14,,
2025-03-10 15:00:00+00:00,2.73,,0.0,0.19,0.2,0.2,0.4,0.1,0.0,0,0,1.09,771.33,771.51
2025-03-10 15:15:00+00:00,2.73,,0.0,0.19,0.2,0.2,0.4,0.1,0.0,0,0,1.09,,
2025-03-10 15:30:00+00:00,2.73,,0.0,0.19,0.2,0.2,0.4,0.1,0.0,0,0,1.09,,
2025-03-10 15:45:00+00:00,2.73,,0.0,0.19,0.2,0.2,0.4,0.1,0.0,0,0,1.09,,
2025-03-10 16:00:00+00:00,2.53,,0.0,0.15,0.2,0.2,0.4,0.0,0.0,0,0,0.95,1051.24,1051.49
2025-03-10 16:15:00+00:00,2.53,,0.0,0.15,0.2,0.2,0.4,0.0,0.0,0,0,0.95,,
2025-03-10 16:30:00+00:00,2.53,,0.0,0.15,0.2,0.2,0.4,0.0,0.0,0,0,0.95,,
2025-03-10 16:45:00+00:00,2.53,,0.0,0.15,0.2,0.2,0.4,0.0,0.0,0,0,0.95,,
2025-03-10 17:00:00+00:00,2.52,,0.0,0.13,0.2,0.2,0.4,0.0,0.0,0,0,0.93,1233.22,1233.51
2025-03-10 17:15:00+00:00,2.52,,0.0,0.13,0.2,0.2,0.4,0.0,0.0,0,0,0.93,,
2025-03-10 17:30:00+00:00,2.52,,0.0,0.13,0.2,0.2,0.4,0.0,0.0,0,0,0.93,,
2025-03-10 17:45:00+00:00,2.52,,0.0,0.13,0.2,0.2,0.4,0.0,0.0,0,0,0.93,,
2025-03-10 18:00:00+00:00,2.61,,0.0,0.19,0.2,0.2,0.4,0.0,0.0,0,0,0.99,1170.13,1170.4
2025-03-10 18:15:00+00:00,2.61,,0.0,0.19,0.2,0.2,0.4,0.0,0.0,0,0,0.99,,
2025-03-10 18:30:00+00:00,2.61,,0.0,0.19,0.2,0.2,0.4,0.0,0.0,0,0,0.99,,
2025-03-10 18:45:00+00:00,2.61,,0.0,0.19,0.2,0.2,0.4,0.0,0.0,0,0,0.99,,
2025-03-10 19:00:00+00:00,2.7,,0.0,0.26,0.2,0.2,0.4,0.0,0.0,0,0,1.06,918.86,919.07
2025-03-10 19:15:00+00:00,2.7,,0.0,0.26,0.2,0.2,0.4,0.0,0.0,0,0,1.06,,
2025-03-10 19:30:00+00:00,2.7,,0.0,0.26,0.2,0.2,0.4,0.0,0.0,0,0,1.06,,
2025-03-10 19:45:00+00:00,2.7,,0.0,0.26,0.2,0.2,0.4,0.0,0.0,0,0,1.06,,
2025-03-10 20:00:00+00:00,2.95,,0.0,0.16,0.2,0.2,0.4,0.0,0.0,0,0,0.96,863.82,864.02
2025-03-10 20:15:00+00:00,2.95,,0.0,0.16,0.2,0.2,0.4,0.0,0.0,0,0,0.96,,
2025-03-10 20:30:00+00:00,2.95,,0.0,0.16,0.2,0.2,0.4,0.0,0.0,0,0,0.96,,
2025-03-10 20:45:00+00:00,2.95,,0.0,0.16,0.2,0.2,0.4,0.0,0.0,0,0,0.96,,
2025-03-10 21:00:00+00:00,3.38,,0.0,0.27,0.2,0.2,0.4,0.0,0.0,0,0,1.07,789.23,789.42
2025-03-10 21:15:00+00:00,3.38,,0.0,0.27,0.2,0.2,0.4,0.0,0.0,0,0,1.07,,
2025-03-10 21:30:00+00:00,3.38,,0.0,0.27,0.2,0.2,0.4,0.0,0.0,0,0,1.07,,
2025-03-10 21:45:00+00:00,3.38,,0.0,0.27,0.2,0.2,0.4,0.0,0.0,0,0,1.07,,
2025-03-10 22:00:00+00:00,3.78,,0.0,0.25,0.2,0.2,0.4,0.0,0.0,0,0,1.05,730.54,730.71
2025-03-10 22:15:00+00:00,3.78,,0.0,0.25,0.2,0.2,0.4,0.0,0.0,0,0,1.05,,
2025-03-10 22:30:00+00:00,3.78,,0.0,0.25,0.2,0.2,0.4,0.0,0.0,0,0,1.05,,
2025-03-10 22:45:00+00:00,3.78,,0.0,0.25,0.2,0.2,0.4,0.0,0.0,0,0,1.05,,
2025-03-10 23:00:00+00:00,4.02,,0.0,0.24,0.2,0.2,0.4,0.0,0.0,0,0,1.04,678.59,
2025-03-10 23:15:00+00:00,4.02,,0.0,0.24,0.2,0.2,0.4,0.0,0.0,0,0,1.04,,
2025-03-10 23:30:00+00:00,4.02,,0.0,0.24,0.2,0.2,0.4,0.0,0.0,0,0,1.04,,
2025-03-10 23:45:00+00:00,4.02,,0.0,0.24,0.2,0.2,0.4,0.0,0.0,0,0,1.04,,
2025-03-11 00:00:00+00:00,4.19,,0.0,0.13,0.2,0.2,0.4,0.0,0.0,0,0,0.93,621.4,
2025-03-11 00:15:00+00:00,4.19,,0.0,0.13,0.2,0.2,0.4,0.0,0.0,0,0,0.93,,
2025-03-11 00:30:00+00:00,4.19,,0.0,0.13,0.2,0.2,0.4,0.0,0.0,0,0,0.93,,
2025-03-11 00:45:00+00:00,4.19,,0.0,0.13,0.2,0.2,0.4,0.0,0.0,0,0,0.93,,
2025-03-11 01:00:00+00:00,4.27,,12.0,0.08,0.2,0.2,0.4,0.0,0.0,0,0,12.88,588.48,
2025-03-11 01:15:00+00:00,4.27,,12.0,0.08,0.2,0.2,0.4,0.0,0.0,0,0,12.88,,
2025-03-11 01:30:00+00:00,4.27,,12.0,0.08,0.2,0.2,0.4,0.0,0.0,0,0,12.88,,
2025-03-11 01:45:00+00:00,4.27,,12.0,0.08,0.2,0.2,0.4,0.0,0.0,0,0,12.88,,
2025-03-11 02:00:00+00:00,4.36,,12.0,0.09,0.2,0.2,0.4,0.0,0.0,0,0,12.89,537.6,
2025-03-11 02:15:00+00:00,4.36,,12.0,0.09,0.2,0.2,0.4,0.0,0.0,0,0,12.89,,
2025-03-11 02:30:00+00:00,4.36,,12.0,0.09,0.2,0.2,0.4,0.0,0.0,0,0,12.89,,
2025-03-11 02:45:00+00:00,4.36,,12.0,0.09,0.2,0.2,0.4,0.0,0.0,0,0,12.89,,
2025-03-11 03:00:00+00:00,4.59,,12.0,0.09,0.2,0.2,0.4,0.0,0.0,0,0,12.89,505.14,
2025-03-11 03:15:00+00:00,4.59,,12.0,0.09,0.2,0.2,0.4,0.0,0.0,0,0,12.89,,
2025-03-11 03:30:00+00:00,4.59,,12.0,0.09,0.2,0.2,0.4,0.0,0.0,0,0,12.89,,
2025-03-11 03:45:00+00:00,4.59,,12.0,0.09,0.2,0.2,0.4,0.0,0.0,0,0,12.89,,
2025-03-11 04:00:00+00:00,5.01,,9.68,0.09,0.2,0.2,0.4,0.0,3.3,0,0,13.88,518.72,
2025-03-11 04:15:00+00:00,5.01,,9.68,0.09,0.2,0.2,0.4,0.0,3.3,0,0,13.88,,
2025-03-11 04:30:00+00:00,5.01,,9.68,0.09,0.2,0.2,0.4,0.0,3.3,0,0,13.88,,
2025-03-11 04:45:00+00:00,5.01,,9.68,0.09,0.2,0.2,0.4,0.0,3.3,0,0,13.88,,
2025-03-11 05:00:00+00:00,5.38,,0.0,0.11,0.2,0.2,0.4,0.0,3.3,0,0,4.21,649.67,
2025-03-11 05:15:00+00:00,5.38,,0.0,0.11,0.2,0.2,0.4,0.0,3.3,0,0,4.21,,
2025-03-11 05:30:00+00:00,5.38,,0.0,0.11,0.2,0.2,0.4,0.0,3.3,0,0,4.21,,
2025-03-11 05:45:00+00:00,5.38,,0.0,0.11,0.2,0.2,0.4,0.0,3.3,0,0,4.21,,
2025-03-11 06:00:00+00:00,5.37,,0.0,0.24,0.2,0.2,0.4,0.0,0.0,0,0,1.04,846.92,
2025-03-11 06:15:00+00:00,5.37,,0.0,0.24,0.2,0.2,0.4,0.0,0.0,0,0,1.04,,
2025-03-11 06:30:00+00:00,5.37,,0.0,0.24,0.2,0.2,0.4,0.0,0.0,0,0,1.04,,
2025-03-11 06:45:00+00:00,5.37,,0.0,0.24,0.2,0.2,0.4,0.0,0.0,0,0,1.04,,
2025-03-11 07:00:00+00:00,5.05,,0.0,0.2,0.2,0.2,0.4,0.0,0.0,0,0,1.0,1039.31,
2025-03-11 07:15:00+00:00,5.05,,0.0,0.2,0.2,0.2,0.4,0.0,0.0,0,0,1.0,,
2025-03-11 07:30:00+00:00,5.05,,0.0,0.2,0.2,0.2,0.4,0.0,0.0,0,0,1.0,,
2025-03-11 07:45:00+00:00,5.05,,0.0,0.2,0.2,0.2,0.4,0.0,0.0,0,0,1.0,,
2025-03-11 08:00:00+00:00,4.49,,0.0,0.1,0.2,0.2,0.4,0.0,0.0,0,0,0.9,1061.99,
2025-03-11 08:15:00+00:00,4.49,,0.0,0.1,0.2,0.2,0.4,0.0,0.0,0,0,0.9,,
2025-03-11 08:30:00+00:00,4.49,,0.0,0.1,0.2,0.2,0.4,0.0,0.0,0,0,0.9,,
2025-03-11 08:45:00+00:00,4.49,,0.0,0.1,0.2,0.2,0.4,0.0,0.0,0,0,0.9,,
2025-03-11 09:00:00+00:00,4.01,,0.0,0.11,0.2,0.2,0.4,0.0,0.0,0,0,0.91,954.55,
2025-03-11 09:15:00+00:00,4.01,,0.0,0.11,0.2,0.2,0.4,0.0,0.0,0,0,0.91,,
2025-03-11 09:30:00+00:00,4.01,,0.0,0.11,0.2,0.2,0.4,0.0,0.0,0,0,0.91,,
2025-03-11 09:45:00+00:00,4.01,,0.0,0.11,0.2,0.2,0.4,0.0,0.0,0,0,0.91,,
2025-03-11 10:00:00+00:00,3.78,,0.0,0.26,0.2,0.2,0.4,0.0,0.0,0,0,1.06,857.31,
2025-03-11 10:15:00+00:00,3.78,,0.0,0.26,0.2,0.2,0.4,0.0,0.0,0,0,1.06,,
2025-03-11 10:30:00+00:00,3.78,,0.0,0.26,0.2,0.2,0.4,0.0,0.0,0,0,1.06,,
2025-03-11 10:45:00+00:00,3.78,,0.0,0.26,0.2,0.2,0.4,0.0,0.0,0,0,1.06,,
2025-03-11 11:00:00+00:00,3.7,,0.0,0.29,0.2,0.2,0.4,0.0,0.0,0,0,1.09,796.74,
2025-03-11 11:15:00+00:00,3.7,,0.0,0.29,0.2,0.2,0.4,0.0,0.0,0,0,1.09,,
2025-03-11 11:30:00+00:00,3.7,,0.0,0.29,0.2,0.2,0.4,0.0,0.0,0,0,1.09,,
2025-03-11 11:45:00+00:00,3.7,,0.0,0.29,0.2,0.2,0.4,0.0,0.0,0,0,1.09,,
2025-03-11 12:00:00+00:00,3.57,,0.0,0.27,0.2,0.2,0.4,0.0,0.0,0,0,1.07,728.8,
2025-03-11 12:15:00+00:00,3.57,,0.0,0.27,0.2,0.2,0.4,0.0,0.0,0,0,1.07,,
2025-03-11 12:30:00+00:00,3.57,,0.0,0.27,0.2,0.2,0.4,0.0,0.0,0,0,1.07,,
2025-03-11 12:45:00+00:00,3.57,,0.0,0.27,0.2,0.2,0.4,0.0,0.0,0,0,1.07,,
2025-03-11 13:00:00+00:00,3.46,,0.0,0.26,0.2,0.2,0.4,0.0,0.0,0,0,1.06,682.58,
2025-03-11 13:15:00+00:00,3.46,,0.0,0.26,0.2,0.2,0.4,0.0,0.0,0,0,1.06,,
2025-03-11 13:30:00+00:00,3.46,,0.0,0.26,0.2,0.2,0.4,0.0,0.0,0,0,1.06,,
2025-03-11 13:45:00+00:00,3.46,,0.0,0.26,0.2,0.2,0.4,0.0,0.0,0,0,1.06,,
2025-03-11 14:00:00+00:00,3.43,,2.1,0.27,0.2,0.2,0.4,0.0,0.0,0,0,3.17,649.73,
2025-03-11 14:15:00+00:00,3.43,,2.1,0.27,0.2,0.2,0.4,0.0,0.0,0,0,3.17,,
2025-03-11 14:30:00+00:00,3.43,,2.1,0.27,0.2,0.2,0.4,0.0,0.0,0,0,3.17,,
2025-03-11 14:45:00+00:00,3.43,,2.1,0.27,0.2,0.2,0.4,0.0,0.0,0,0,3.17,,
2025-03-11 15:00:00+00:00,3.36,,0.0,0.27,0.2,0.2,0.4,0.0,0.0,0,0,1.07,626.06,
2025-03-11 15:15:00+00:00,3.36,,0.0,0.27,0.2,0.2,0.4,0.0,0.0,0,0,1.07,,
2025-03-11 15:30:00+00:00,3.36,,0.0,0.27,0.2,0.2,0.4,0.0,0.0,0,0,1.07,,
2025-03-11 15:45:00+00:00,3.36,,0.0,0.27,0.2,0.2,0.4,0.0,0.0,0,0,1.07,,
2025-03-11 16:00:00+00:00,3.17,,0.0,0.21,0.2,0.2,0.4,0.0,0.0,0,0,1.01,700.96,
2025-03-11 16:15:00+00:00,3.17,,0.0,0.21,0.2,0.2,0.4,0.0,0.0,0,0,1.01,,
2025-03-11 16:30:00+00:00,3.17,,0.0,0.21,0.2,0.2,0.4,0.0,0.0,0,0,1.01,,
2025-03-11 16:45:00+00:00,3.17,,0.0,0.21,0.2,0.2,0.4,0.0,0.0,0,0,1.01,,
2025-03-11 17:00:00+00:00,2.95,,0.0,0.17,0.2,0.2,0.4,0.0,0.0,0,0,0.97,842.21,
2025-03-11 17:15:00+00:00,2.95,,0.0,0.17,0.2,0.2,0.4,0.0,0.0,0,0,0.97,,
2025-03-11 17:30:00+00:00,2.95,,0.0,0.17,0.2,0.2,0.4,0.0,0.0,0,0,0.97,,
2025-03-11 17:45:00+00:00,2.95,,0.0,0.17,0.2,0.2,0.4,0.0,0.0,0,0,0.97,,
2025-03-11 18:00:00+00:00,2.86,,0.0,0.26,0.2,0.2,0.4,0.0,0.0,0,0,1.06,961.13,
2025-03-11 18:15:00+00:00,2.86,,0.0,0.26,0.2,0.2,0.4,0.0,0.0,0,0,1.06,,
2025-03-11 18:30:00+00:00,2.86,,0.0,0.26,0.2,0.2,0.4,0.0,0.0,0,0,1.06,,
2025-03-11 18:45:00+00:00,2.86,,0.0,0.26,0.2,0.2,0.4,0.0,0.0,0,0,1.06,,
2025-03-11 19:00:00+00:00,2.93,,0.0,0.2,0.2,0.2,0.4,0.0,0.0,0,0,1.0,988.09,
2025-03-11 19:15:00+00:00,2.93,,0.0,0.2,0.2,0.2,0.4,0.0,0.0,0,0,1.0,,
2025-03-11 19:30:00+00:00,2.93,,0.0,0.2,0.2,0.2,0.4,0.0,0.0,0,0,1.0,,
2025-03-11 19:45:00+00:00,2.93,,0.0,0.2,0.2,0.2,0.4,0.0,0.0,0,0,1.0,,
2025-03-11 20:00:00+00:00,3.11,,0.0,0.2,0.2,0.2,0.4,0.0,0.0,0,0,1.0,911.14,
2025-03-11 20:15:00+00:00,3.11,,0.0,0.2,0.2,0.2,0.4,0.0,0.0,0,0,1.0,,
2025-03-11 20:30:00+00:00,3.11,,0.0,0.2,0.2,0.2,0.4,0.0,0.0,0,0,1.0,,
2025-03-11 20:45:00+00:00,3.11,,0.0,0.2,0.2,0.2,0.4,0.0,0.0,0,0,1.0,,
2025-03-11 21:00:00+00:00,3.49,,0.0,0.16,0.2,0.2,0.4,0.0,0.0,0,0,0.96,814.54,
2025-03-11 21:15:00+00:00,3.49,,0.0,0.16,0.2,0.2,0.4,0.0,0.0,0,0,0.96,,
2025-03-11 21:30:00+00:00,3.49,,0.0,0.16,0.2,0.2,0.4,0.0,0.0,0,0,0.96,,
2025-03-11 21:45:00+00:00,3.49,,0.0,0.16,0.2,0.2,0.4,0.0,0.0,0,0,0.96,,
2025-03-11 22:00:00+00:00,4.05,,0.0,0.22,0.2,0.2,0.4,0.0,0.0,0,0,1.02,734.32,
2025-03-11 22:15:00+00:00,4.05,,0.0,0.22,0.2,0.2,0.4,0.0,0.0,0,0,1.02,,
2025-03-11 22:30:00+00:00,4.05,,0.0,0.22,0.2,0.2,0.4,0.0,0.0,0,0,1.02,,
2025-03-11 22:45:00+00:00,4.05,,0.0,0.22,0.2,0.2,0.4,0.0,0.0,0,0,1.02,,
2025-03-11 23:00:00+00:00,4.57,,3.44,0.17,0.2,0.2,0.4,0.0,0.0,0,0,4.42,674.73,
2025-03-11 23:15:00+00:00,4.57,,3.44,0.17,0.2,0.2,0.4,0.0,0.0,0,0,4.42,,
2025-03-11 23:30:00+00:00,4.57,,3.44,0.17,0.2,0.2,0.4,0.0,0.0,0,0,4.42,,
2025-03-11 23:45:00+00:00,4.57,,3.44,0.17,0.2,0.2,0.4,0.0,0.0,0,0,4.42,,
2025-03-12 00:00:00+00:00,4.94,,12.0,0.21,0.2,0.2,0.4,0.0,0.0,0,0,13.01,636.06,
2025-03-12 00:15:00+00:00,4.94,,12.0,0.21,0.2,0.2,0.4,0.0,0.0,0,0,13.01,,
2025-03-12 00:30:00+00:00,4.94,,12.0,0.21,0.2,0.2,0.4,0.0,0.0,0,0,13.01,,
2025-03-12 00:45:00+00:00,4.94,,12.0,0.21,0.2,0.2,0.4,0.0,0.0,0,0,13.01,,
2025-03-12 01:00:00+00:00,5.1,,12.0,0.16,0.2,0.2,0.4,0.0,0.0,0,0,12.96,606.29,
2025-03-12 01:15:00+00:00,5.1,,12.0,0.16,0.2,0.2,0.4,0.0,0.0,0,0,12.96,,
2025-03-12 01:30:00+00:00,5.1,,12.0,0.16,0.2,0.2,0.4,0.0,0.0,0,0,12.96,,
2025-03-12 01:45:00+00:00,5.1,,12.0,0.16,0.2,0.2,0.4,0.0,0.0,0,0,12.96,,
2025-03-12 02:00:00+00:00,5.09,,12.0,0.16,0.2,0.2,0.4,0.0,0.0,0,0,12.96,560.83,
2025-03-12 02:15:00+00:00,5.09,,12.0,0.16,0.2,0.2,0.4,0.0,0.0,0,0,12.96,,
2025-03-12 02:30:00+00:00,5.09,,12.0,0.16,0.2,0.2,0.4,0.0,0.0,0,0,12.96,,
2025-03-12 02:45:00+00:00,5.09,,12.0,0.16,0.2,0.2,0.4,0.0,0.0,0,0,12.96,,
2025-03-12 03:00:00+00:00,5.21,,12.0,0.13,0.2,0.2,0.4,0.0,0.0,0,0,12.93,538.4,
2025-03-12 03:15:00+00:00,5.21,,12.0,0.13,0.2,0.2,0.4,0.0,0.0,0,0,12.93,,
2025-03-12 03:30:00+00:00,5.21,,12.0,0.13,0.2,0.2,0.4,0.0,0.0,0,0,12.93,,
2025-03-12 03:45:00+00:00,5.21,,12.0,0.13,0.2,0.2,0.4,0.0,0.0,0,0,12.93,,
2025-03-12 04:00:00+00:00,5.58,,12.0,0.09,0.2,0.2,0.4,0.0,0.0,0,0,12.89,531.11,
2025-03-12 04:15:00+00:00,5.58,,12.0,0.09,0.2,0.2,0.4,0.0,0.0,0,0,12.89,,
2025-03-12 04:30:00+00:00,5.58,,12.0,0.09,0.2,0.2,0.4,0.0,0.0,0,0,12.89,,
2025-03-12 04:45:00+00:00,5.58,,12.0,0.09,0.2,0.2,0.4,0.0,0.0,0,0,12.89,,
2025-03-12 05:00:00+00:00,6.01,,0.0,0.16,0.2,0.2,0.4,0.0,0.0,0,0,0.96,667.95,
2025-03-12 05:15:00+00:00,6.01,,0.0,0.16,0.2,0.2,0.4,0.0,0.0,0,0,0.96,,
2025-03-12 05:30:00+00:00,6.01,,0.0,0.16,0.2,0.2,0.4,0.0,0.0,0,0,0.96,,
2025-03-12 05:45:00+00:00,6.01,,0.0,0.16,0.2,0.2,0.4,0.0,0.0,0,0,0.96,,
2025-03-12 06:00:00+00:00,6.09,,0.0,0.23,0.2,0.2,0.4,0.0,0.0,0,0,1.03,801.75,
2025-03-12 06:15:00+00:00,6.09,,0.0,0.23,0.2,0.2,0.4,0.0,0.0,0,0,1.03,,
2025-03-12 06:30:00+00:00,6.09,,0.0,0.23,0.2,0.2,0.4,0.0,0.0,0,0,1.03,,
2025-03-12 06:45:00+00:00,6.09,,0.0,0.23,0.2,0.2,0.4,0.0,0.0,0,0,1.03,,
2025-03-12 07:00:00+00:00,5.72,,0.0,0.24,0.2,0.2,0.4,0.0,0.0,0,0,1.04,931.24,
2025-03-12 07:15:00+00:00,5.72,,0.0,0.24,0.2,0.2,0.4,0.0,0.0,0,0,1.04,,
2025-03-12 07:30:00+00:00,5.72,,0.0,0.24,0.2,0.2,0.4,0.0,0.0,0,0,1.04,,
2025-03-12 07:45:00+00:00,5.72,,0.0,0.24,0.2,0.2,0.4,0.0,0.0,0,0,1.04,,
2025-03-12 08:00:00+00:00,5.24,,0.0,0.25,0.2,0.2,0.4,0.0,0.0,0,0,1.05,928.78,
2025-03-12 08:15:00+00:00,5.24,,0.0,0.25,0.2,0.2,0.4,0.0,0.0,0,0,1.05,,
2025-03-12 08:30:00+00:00,5.24,,0.0,0.25,0.2,0.2,0.4,0.0,0.0,0,0,1.05,,
2025-03-12 08:45:00+00:00,5.24,,0.0,0.25,0.2,0.2,0.4,0.0,0.0,0,0,1.05,,
2025-03-12 09:00:00+00:00,4.57,,0.0,0.26,0.2,0.2,0.4,0.0,0.0,0,0,1.06,852.16,
2025-03-12 09:15:00+00:00,4.57,,0.0,0.26,0.2,0.2,0.4,0.0,0.0,0,0,1.06,,
2025-03-12 09:30:00+00:00,4.57,,0.0,0.26,0.2,0.2,0.4,0.0,0.0,0,0,1.06,,
2025-03-12 09:45:00+00:00,4.57,,0.0,0.26,0.2,0.2,0.4,0.0,0.0,0,0,1.06,,
2025-03-12 10:00:00+00:00,4.09,,0.0,0.26,0.2,0.2,0.4,0.0,0.0,0,0,1.06,762.79,
2025-03-12 10:15:00+00:00,4.09,,0.0,0.26,0.2,0.2,0.4,0.0,0.0,0,0,1.06,,
2025-03-12 10:30:00+00:00,4.09,,0.0,0.26,0.2,0.2,0.4,0.0,0.0,0,0,1.06,,
2025-03-12 10:45:00+00:00,4.09,,0.0,0.26,0.2,0.2,0.4,0.0,0.0,0,0,1.06,,
2025-03-12 11:00:00+00:00,3.74,,0.0,0.17,0.2,0.2,0.4,0.0,0.0,0,0,0.97,683.11,
2025-03-12 11:15:00+00:00,3.74,,0.0,0.17,0.2,0.2,0.4,0.0,0.0,0,0,0.97,,
2025-03-12 11:30:00+00:00,3.74,,0.0,0.17,0.2,0.2,0.4,0.0,0.0,0,0,0.97,,
2025-03-12 11:45:00+00:00,3.74,,0.0,0.17,0.2,0.2,0.4,0.0,0.0,0,0,0.97,,
2025-03-12 12:00:00+00:00,3.6,,0.0,0.24,0.2,0.2,0.4,0.0,0.0,0,0,1.04,655.5,
2025-03-12 12:15:00+00:00,3.6,,0.0,0.24,0.2,0.2,0.4,0.0,0.0,0,0,1.04,,
2025-03-12 12:30:00+00:00,3.6,,0.0,0.24,0.2,0.2,0.4,0.0,0.0,0,0,1.04,,
2025-03-12 12:45:00+00:00,3.6,,0.0,0.24,0.2,0.2,0.4,0.0,0.0,0,0,1.04,,
2025-03-12 13:00:00+00:00,3.54,,10.12,0.23,0.2,0.2,0.4,0.0,0.0,0,0,11.15,624.96,
2025-03-12 13:15:00+00:00,3.54,,10.12,0.23,0.2,0.2,0.4,0.0,0.0,0,0,11.15,,
2025-03-12 13:30:00+00:00,3.54,,10.12,0.23,0.2,0.2,0.4,0.0,0.0,0,0,11.15,,
2025-03-12 13:45:00+00:00,3.54,,10.12,0.23,0.2,0.2,0.4,0.0,0.0,0,0,11.15,,
2025-03-12 14:00:00+00:00,3.45,,0.0,0.27,0.2,0.2,0.4,0.0,0.0,0,0,1.07,631.56,
2025-03-12 14:15:00+00:00,3.45,,0.0,0.27,0.2,0.2,0.4,0.0,0.0,0,0,1.07,,
2025-03-12 14:30:00+00:00,3.45,,0.0,0.27,0.2,0.2,0.4,0.0,0.0,0,0,1.07,,
2025-03-12 14:45:00+00:00,3.45,,0.0,0.27,0.2,0.2,0.4,0.0,0.0,0,0,1.07,,
2025-03-12 15:00:00+00:00,3.28,,0.0,0.27,0.2,0.2,0.4,0.0,0.0,0,0,1.07,677.51,
2025-03-12 15:15:00+00:00,3.28,,0.0,0.27,0.2,0.2,0.4,0.0,0.0,0,0,1.07,,
2025-03-12 15:30:00+00:00,3.28,,0.0,0.27,0.2,0.2,0.4,0.0,0.0,0,0,1.07,,
2025-03-12 15:45:00+00:00,3.28,,0.0,0.27,0.2,0.2,0.4,0.0,0.0,0,0,1.07,,
2025-03-12 16:00:00+00:00,3.17,,0.0,0.26,0.2,0.2,0.4,0.0,0.0,0,0,1.06,765.18,
2025-03-12 16:15:00+00:00,3.17,,0.0,0.26,0.2,0.2,0.4,0.0,0.0,0,0,1.06,,
2025-03-12 16:30:00+00:00,3.17,,0.0,0.26,0.2,0.2,0.4,0.0,0.0,0,0,1.06,,
2025-03-12 16:45:00+00:00,3.17,,0.0,0.26,0.2,0.2,0.4,0.0,0.0,0,0,1.06,,
2025-03-12 17:00:00+00:00,2.92,,0.0,0.21,0.2,0.2,0.4,0.0,0.0,0,0,1.01,866.22,
2025-03-12 17:15:00+00:00,2.92,,0.0,0.21,0.2,0.2,0.4,0.0,0.0,0,0,1.01,,
2025-03-12 17:30:00+00:00,2.92,,0.0,0.21,0.2,0.2,0.4,0.0,0.0,0,0,1.01,,
2025-03-12 17:45:00+00:00,2.92,,0.0,0.21,0.2,0.2,0.4,0.0,0.0,0,0,1.01,,
2025-03-12 18:00:00+00:00,2.58,,0.0,0.27,0.2,0.2,0.4,0.0,0.0,0,0,1.07,936.02,
2025-03-12 18:15:00+00:00,2.58,,0.0,0.27,0.2,0.2,0.4,0.0,0.0,0,0,1.07,,
2025-03-12 18:30:00+00:00,2.58,,0.0,0.27,0.2,0.2,0.4,0.0,0.0,0,0,1.07,,
2025-03-12 18:45:00+00:00,2.58,,0.0,0.27,0.2,0.2,0.4,0.0,0.0,0,0,1.07,,
2025-03-12 19:00:00+00:00,2.38,,0.0,0.21,0.2,0.2,0.4,0.0,0.0,0,0,1.01,953.71,
2025-03-12 19:15:00+00:00,2.38,,0.0,0.21,0.2,0.2,0.4,0.0,0.0,0,0,1.01,,
2025-03-12 19:30:00+00:00,2.38,,0.0,0.21,0.2,0.2,0.4,0.0,0.0,0,0,1.01,,
2025-03-12 19:45:00+00:00,2.38,,0.0,0.21,0.2,0.2,0.4,0.0,0.0,0,0,1.01,,
2025-03-12 20:00:00+00:00,2.51,,0.0,0.2,0.2,0.2,0.4,0.0,0.0,0,0,1.0,906.72,
2025-03-12 20:15:00+00:00,2.51,,0.0,0.2,0.2,0.2,0.4,0.0,0.0,0,0,1.0,,
2025-03-12 20:30:00+00:00,2.51,,0.0,0.2,0.2,0.2,0.4,0.0,0.0,0,0,1.0,,
2025-03-12 20:45:00+00:00,2.51,,0.0,0.2,0.2,0.2,0.4,0.0,0.0,0,0,1.0,,
2025-03-12 21:00:00+00:00,2.84,,0.0,0.13,0.2,0.2,0.4,0.0,0.0,0,0,0.93,807.54,
2025-03-12 21:15:00+00:00,2.84,,0.0,0.13,0.2,0.2,0.4,0.0,0.0,0,0,0.93,,
2025-03-12 21:30:00+00:00,2.84,,0.0,0.13,0.2,0.2,0.4,0.0,0.0,0,0,0.93,,
2025-03-12 21:45:00+00:00,2.84,,0.0,0.13,0.2,0.2,0.4,0.0,0.0,0,0,0.93,,
2025-03-12 22:00:00+00:00,3.34,,0.0,0.22,0.2,0.2,0.4,0.0,0.0,0,0,1.02,705.22,
2025-03-12 22:15:00+00:00,3.34,,0.0,0.22,0.2,0.2,0.4,0.0,0.0,0,0,1.02,,
2025-03-12 22:30:00+00:00,3.34,,0.0,0.22,0.2,0.2,0.4,0.0,0.0,0,0,1.02,,
2025-03-12 22:45:00+00:00,3.34,,0.0,0.22,0.2,0.2,0.4,0.0,0.0,0,0,1.02,,
2025-03-12 23:00:00+00:00,3.81,,4.47,0.21,0.2,0.2,0.4,0.0,0.0,0,0,5.47,626.43,
2025-03-12 23:15:00+00:00,3.81,,4.47,0.21,0.2,0.2,0.4,0.0,0.0,0,0,5.47,,
2025-03-12 23:30:00+00:00,3.81,,4.47,0.21,0.2,0.2,0.4,0.0,0.0,0,0,5.47,,
2025-03-12 23:45:00+00:00,3.81,,4.47,0.21,0.2,0.2,0.4,0.0,0.0,0,0,5.47,,
2025-03-13 00:00:00+00:00,4.1,,12.0,0.26,0.2,0.2,0.4,0.0,0.0,0,0,13.06,576.16,
2025-03-13 00:15:00+00:00,4.1,,12.0,0.26,0.2,0.2,0.4,0.0,0.0,0,0,13.06,,
2025-03-13 00:30:00+00:00,4.1,,12.0,0.26,0.2,0.2,0.4,0.0,0.0,0,0,13.06,,
2025-03-13 00:45:00+00:00,4.1,,12.0,0.26,0.2,0.2,0.4,0.0,0.0,0,0,13.06,,
2025-03-13 01:00:00+00:00,4.16,,12.0,0.18,0.2,0.2,0.4,0.0,0.0,0,0,12.98,552.34,
2025-03-13 01:15:00+00:00,4.16,,12.0,0.18,0.2,0.2,0.4,0.0,0.0,0,0,12.98,,
2025-03-13 01:30:00+00:00,4.16,,12.0,0.18,0.2,0.2,0.4,0.0,0.0,0,0,12.98,,
2025-03-13 01:45:00+00:00,4.16,,12.0,0.18,0.2,0.2,0.4,0.0,0.0,0,0,12.98,,
2025-03-13 02:00:00+00:00,4.21,,12.0,0.09,0.2,0.2,0.4,0.0,0.0,0,0,12.89,517.21,
2025-03-13 02:15:00+00:00,4.21,,12.0,0.09,0.2,0.2,0.4,0.0,0.0,0,0,12.89,,
2025-03-13 02:30:00+00:00,4.21,,12.0,0.09,0.2,0.2,0.4,0.0,0.0,0,0,12.89,,
2025-03-13 02:45:00+00:00,4.21,,12.0,0.09,0.2,0.2,0.4,0.0,0.0,0,0,12.89,,
2025-03-13 03:00:00+00:00,4.45,,12.0,0.09,0.2,0.2,0.4,0.0,0.0,0,0,12.89,493.64,
2025-03-13 03:15:00+00:00,4.45,,12.0,0.09,0.2,0.2,0.4,0.0,0.0,0,0,12.89,,
2025-03-13 03:30:00+00:00,4.45,,12.0,0.09,0.2,0.2,0.4,0.0,0.0,0,0,12.89,,
2025-03-13 03:45:00+00:00,4.45,,12.0,0.09,0.2,0.2,0.4,0.0,0.0,0,0,12.89,,
2025-03-13 04:00:00+00:00,4.96,,12.0,0.1,0.2,0.2,0.4,0.0,0.0,0,0,12.9,535.92,
2025-03-13 04:15:00+00:00,4.96,,12.0,0.1,0.2,0.2,0.4,0.0,0.0,0,0,12.9,,
2025-03-13 04:30:00+00:00,4.96,,12.0,0.1,0.2,0.2,0.4,0.0,0.0,0,0,12.9,,
2025-03-13 04:45:00+00:00,4.96,,12.0,0.1,0.2,0.2,0.4,0.0,0.0,0,0,12.9,,
2025-03-13 05:00:00+00:00,5.4,,4.56,0.2,0.2,0.2,0.4,0.0,0.0,0,0,5.55,644.31,
2025-03-13 05:15:00+00:00,5.4,,4.56,0.2,0.2,0.2,0.4,0.0,0.0,0,0,5.55,,
2025-03-13 05:30:00+00:00,5.4,,4.56,0.2,0.2,0.2,0.4,0.0,0.0,0,0,5.55,,
2025-03-13 05:45:00+00:00,5.4,,4.56,0.2,0.2,0.2,0.4,0.0,0.0,0,0,5.55,,
2025-03-13 06:00:00+00:00,5.46,,0.0,0.37,0.2,0.2,0.4,0.0,0.0,0,0,1.17,806.87,
2025-03-13 06:15:00+00:00,5.46,,0.0,0.37,0.2,0.2,0.4,0.0,0.0,0,0,1.17,,
2025-03-13 06:30:00+00:00,5.46,,0.0,0.37,0.2,0.2,0.4,0.0,0.0,0,0,1.17,,
2025-03-13 06:45:00+00:00,5.46,,0.0,0.37,0.2,0.2,0.4,0.0,0.0,0,0,1.17,,
2025-03-13 07:00:00+00:00,5.12,,0.0,0.36,0.2,0.2,0.4,0.0,0.0,0,0,1.16,975.76,
2025-03-13 07:15:00+00:00,5.12,,0.0,0.36,0.2,0.2,0.4,0.0,0.0,0,0,1.16,,
2025-03-13 07:30:00+00:00,5.12,,0.0,0.36,0.2,0.2,0.4,0.0,0.0,0,0,1.16,,
2025-03-13 07:45:00+00:00,5.12,,0.0,0.36,0.2,0.2,0.4,0.0,0.0,0,0,1.16,,
2025-03-13 08:00:00+00:00,4.48,,0.0,0.28,0.2,0.2,0.4,0.0,0.0,0,0,1.08,1000.3,
2025-03-13 08:15:00+00:00,4.48,,0.0,0.28,0.2,0.2,0.4,0.0,0.0,0,0,1.08,,
2025-03-13 08:30:00+00:00,4.48,,0.0,0.28,0.2,0.2,0.4,0.0,0.0,0,0,1.08,,
2025-03-13 08:45:00+00:00,4.48,,0.0,0.28,0.2,0.2,0.4,0.0,0.0,0,0,1.08,,
2025-03-13 09:00:00+00:00,3.95,,0.0,0.35,0.2,0.2,0.4,0.0,0.0,0,0,1.15,966.62,
2025-03-13 09:15:00+00:00,3.95,,0.0,0.35,0.2,0.2,0.4,0.0,0.0,0,0,1.15,,
2025-03-13 09:30:00+00:00,3.95,,0.0,0.35,0.2,0.2,0.4,0.0,0.0,0,0,1.15,,
2025-03-13 09:45:00+00:00,3.95,,0.0,0.35,0.2,0.2,0.4,0.0,0.0,0,0,1.15,,
2025-03-13 10:00:00+00:00,3.7,,0.0,0.3,0.2,0.2,0.4,0.0,0.0,0,0,1.1,852.33,
2025-03-13 10:15:00+00:00,3.7,,0.0,0.3,0.2,0.2,0.4,0.0,0.0,0,0,1.1,,
2025-03-13 10:30:00+00:00,3.7,,0.0,0.3,0.2,0.2,0.4,0.0,0.0,0,0,1.1,,
2025-03-13 10:45:00+00:00,3.7,,0.0,0.3,0.2,0.2,0.4,0.0,0.0,0,0,1.1,,
2025-03-13 11:00:00+00:00,3.58,,0.0,0.29,0.2,0.2,0.4,0.0,0.0,0,0,1.09,774.96,
2025-03-13 11:15:00+00:00,3.58,,0.0,0.29,0.2,0.2,0.4,0.0,0.0,0,0,1.09,,
2025-03-13 11:30:00+00:00,3.58,,0.0,0.29,0.2,0.2,0.4,0.0,0.0,0,0,1.09,,
2025-03-13 11:45:00+00:00,3.58,,0.0,0.29,0.2,0.2,0.4,0.0,0.0,0,0,1.09,,
2025-03-13 12:00:00+00:00,3.42,,0.0,0.25,0.2,0.2,0.4,0.0,0.0,0,0,1.05,720.38,
2025-03-13 12:15:00+00:00,3.42,,0.0,0.25,0.2,0.2,0.4,0.0,0.0,0,0,1.05,,
2025-03-13 12:30:00+00:00,3.42,,0.0,0.25,0.2,0.2,0.4,0.0,0.0,0,0,1.05,,
2025-03-13 12:45:00+00:00,3.42,,0.0,0.25,0.2,0.2,0.4,0.0,0.0,0,0,1.05,,
2025-03-13 13:00:00+00:00,3.3,,0.0,0.2,0.2,0.2,0.4,0.0,0.0,0,0,1.0,675.07,
2025-03-13 13:15:00+00:00,3.3,,0.0,0.2,0.2,0.2,0.4,0.0,0.0,0,0,1.0,,
2025-03-13 13:30:00+00:00,3.3,,0.0,0.2,0.2,0.2,0.4,0.0,0.0,0,0,1.0,,
2025-03-13 13:45:00+00:00,3.3,,0.0,0.2,0.2,0.2,0.4,0.0,0.0,0,0,1.0,,
2025-03-13 14:00:00+00:00,3.22,,12.0,0.31,0.2,0.2,0.4,0.0,0.0,0,0,13.11,658.45,
2025-03-13 14:15:00+00:00,3.22,,12.0,0.31,0.2,0.2,0.4,0.0,0.0,0,0,13.11,,
2025-03-13 14:30:00+00:00,3.22,,12.0,0.31,0.2,0.2,0.4,0.0,0.0,0,0,13.11,,
2025-03-13 14:45:00+00:00,3.22,,12.0,0.31,0.2,0.2,0.4,0.0,0.0,0,0,13.11,,
2025-03-13 15:00:00+00:00,3.08,,10.25,0.28,0.2,0.2,0.4,0.0,0.0,0,0,11.33,654.46,
2025-03-13 15:15:00+00:00,3.08,,10.25,0.28,0.2,0.2,0.4,0.0,0.0,0,0,11.33,,
2025-03-13 15:30:00+00:00,3.08,,10.25,0.28,0.2,0.2,0.4,0.0,0.0,0,0,11.33,,
2025-03-13 15:45:00+00:00,3.08,,10.25,0.28,0.2,0.2,0.4,0.0,0.0,0,0,11.33,,
2025-03-13 16:00:00+00:00,2.92,,0.0,0.23,0.2,0.2,0.4,0.0,0.0,0,0,1.03,733.19,
2025-03-13 16:15:00+00:00,2.92,,0.0,0.23,0.2,0.2,0.4,0.0,0.0,0,0,1.03,,
2025-03-13 16:30:00+00:00,2.92,,0.0,0.23,0.2,0.2,0.4,0.0,0.0,0,0,1.03,,
2025-03-13 16:45:00+00:00,2.92,,0.0,0.23,0.2,0.2,0.4,0.0,0.0,0,0,1.03,,
2025-03-13 17:00:00+00:00,2.87,,0.0,0.25,0.2,0.2,0.4,0.0,0.0,0,0,1.05,856.42,
2025-03-13 17:15:00+00:00,2.87,,0.0,0.25,0.2,0.2,0.4,0.0,0.0,0,0,1.05,,
2025-03-13 17:30:00+00:00,2.87,,0.0,0.25,0.2,0.2,0.4,0.0,0.0,0,0,1.05,,
2025-03-13 17:45:00+00:00,2.87,,0.0,0.25,0.2,0.2,0.4,0.0,0.0,0,0,1.05,,
2025-03-13 18:00:00+00:00,2.93,,0.0,0.27,0.2,0.2,0.4,0.0,0.0,0,0,1.07,953.3,
2025-03-13 18:15:00+00:00,2.93,,0.0,0.27,0.2,0.2,0.4,0.0,0.0,0,0,1.07,,
2025-03-13 18:30:00+00:00,2.93,,0.0,0.27,0.2,0.2,0.4,0.0,0.0,0,0,1.07,,
2025-03-13 18:45:00+00:00,2.93,,0.0,0.27,0.2,0.2,0.4,0.0,0.0,0,0,1.07,,
2025-03-13 19:00:00+00:00,3.19,,0.0,0.18,0.2,0.2,0.4,0.0,0.0,0,0,0.98,967.27,
2025-03-13 19:15:00+00:00,3.19,,0.0,0.18,0.2,0.2,0.4,0.0,0.0,0,0,0.98,,
2025-03-13 19:30:00+00:00,3.19,,0.0,0.18,0.2,0.2,0.4,0.0,0.0,0,0,0.98,,
2025-03-13 19:45:00+00:00,3.19,,0.0,0.18,0.2,0.2,0.4,0.0,0.0,0,0,0.98,,
2025-03-13 20:00:00+00:00,3.6,,0.0,0.19,0.2,0.2,0.4,0.0,0.0,0,0,0.99,939.57,
2025-03-13 20:15:00+00:00,3.6,,0.0,0.19,0.2,0.2,0.4,0.0,0.0,0,0,0.99,,
2025-03-13 20:30:00+00:00,3.6,,0.0,0.19,0.2,0.2,0.4,0.0,0.0,0,0,0.99,,
2025-03-13 20:45:00+00:00,3.6,,0.0,0.19,0.2,0.2,0.4,0.0,0.0,0,0,0.99,,
2025-03-13 21:00:00+00:00,4.08,,0.0,0.21,0.2,0.2,0.4,0.0,0.0,0,0,1.01,853.9,
2025-03-13 21:15:00+00:00,4.08,,0.0,0.21,0.2,0.2,0.4,0.0,0.0,0,0,1.01,,
2025-03-13 21:30:00+00:00,4.08,,0.0,0.21,0.2,0.2,0.4,0.0,0.0,0,0,1.01,,
2025-03-13 21:45:00+00:00,4.08,,0.0,0.21,0.2,0.2,0.4,0.0,0.0,0,0,1.01,,
2025-03-13 22:00:00+00:00,4.63,,0.0,0.1,0.2,0.2,0.4,0.0,0.0,0,0,0.9,733.54,
2025-03-13 22:15:00+00:00,4.63,,0.0,0.1,0.2,0.2,0.4,0.0,0.0,0,0,0.9,,
2025-03-13 22:30:00+00:00,4.63,,0.0,0.1,0.2,0.2,0.4,0.0,0.0,0,0,0.9,,
2025-03-13 22:45:00+00:00,4.63,,0.0,0.1,0.2,0.2,0.4,0.0,0.0,0,0,0.9,,
2025-03-13 23:00:00+00:00,5.21,,0.0,0.1,0.2,0.2,0.4,0.0,0.0,0,0,0.9,661.27,
2025-03-13 23:15:00+00:00,5.21,,0.0,0.1,0.2,0.2,0.4,0.0,0.0,0,0,0.9,,
2025-03-13 23:30:00+00:00,5.21,,0.0,0.1,0.2,0.2,0.4,0.0,0.0,0,0,0.9,,
2025-03-13 23:45:00+00:00,5.21,,0.0,0.1,0.2,0.2,0.4,0.0,0.0,0,0,0.9,,
2025-03-14 00:00:00+00:00,5.55,,12.0,0.09,0.2,0.2,0.4,0.0,0.0,0,0,12.89,633.58,
2025-03-14 00:15:00+00:00,5.55,,12.0,0.09,0.2,0.2,0.4,0.0,0.0,0,0,12.89,,
2025-03-14 00:30:00+00:00,5.55,,12.0,0.09,0.2,0.2,0.4,0.0,0.0,0,0,12.89,,
2025-03-14 00:45:00+00:00,5.55,,12.0,0.09,0.2,0.2,0.4,0.0,0.0,0,0,12.89,,
2025-03-14 01:00:00+00:00,5.62,,12.0,0.09,0.2,0.2,0.4,0.0,0.0,0,0,12.89,626.16,
2025-03-14 01:15:00+00:00,5.62,,12.0,0.09,0.2,0.2,0.4,0.0,0.0,0,0,12.89,,
2025-03-14 01:30:00+00:00,5.62,,12.0,0.09,0.2,0.2,0.4,0.0,0.0,0,0,12.89,,
2025-03-14 01:45:00+00:00,5.62,,12.0,0.09,0.2,0.2,0.4,0.0,0.0,0,0,12.89,,
2025-03-14 02:00:00+00:00,5.63,,12.0,0.09,0.2,0.2,0.4,0.0,0.0,0,0,12.89,586.48,
2025-03-14 02:15:00+00:00,5.63,,12.0,0.09,0.2,0.2,0.4,0.0,0.0,0,0,12.89,,
2025-03-14 02:30:00+00:00,5.63,,12.0,0.09,0.2,0.2,0.4,0.0,0.0,0,0,12.89,,
2025-03-14 02:45:00+00:00,5.63,,12.0,0.09,0.2,0.2,0.4,0.0,0.0,0,0,12.89,,
2025-03-14 03:00:00+00:00,5.86,,12.0,0.08,0.2,0.2,0.4,0.0,0.0,0,0,12.88,549.57,
2025-03-14 03:15:00+00:00,5.86,,12.0,0.08,0.2,0.2,0.4,0.0,0.0,0,0,12.88,,
2025-03-14 03:30:00+00:00,5.86,,12.0,0.08,0.2,0.2,0.4,0.0,0.0,0,0,12.88,,
2025-03-14 03:45:00+00:00,5.86,,12.0,0.08,0.2,0.2,0.4,0.0,0.0,0,0,12.88,,
2025-03-14 04:00:00+00:00,6.35,,12.0,0.09,0.2,0.2,0.4,0.0,0.0,0,0,12.89,569.63,
2025-03-14 04:15:00+00:00,6.35,,12.0,0.09,0.2,0.2,0.4,0.0,0.0,0,0,12.89,,
2025-03-14 04:30:00+00:00,6.35,,12.0,0.09,0.2,0.2,0.4,0.0,0.0,0,0,12.89,,
2025-03-14 04:45:00+00:00,6.35,,12.0,0.09,0.2,0.2,0.4,0.0,0.0,0,0,12.89,,
2025-03-14 05:00:00+00:00,6.72,,0.0,0.21,0.2,0.2,0.4,0.0,0.0,0,0,1.01,688.16,
2025-03-14 05:15:00+00:00,6.72,,0.0,0.21,0.2,0.2,0.4,0.0,0.0,0,0,1.01,,
2025-03-14 05:30:00+00:00,6.72,,0.0,0.21,0.2,0.2,0.4,0.0,0.0,0,0,1.01,,
2025-03-14 05:45:00+00:00,6.72,,0.0,0.21,0.2,0.2,0.4,0.0,0.0,0,0,1.01,,
2025-03-14 06:00:00+00:00,6.78,,0.0,0.28,0.2,0.2,0.4,0.0,0.0,0,0,1.08,863.64,
2025-03-14 06:15:00+00:00,6.78,,0.0,0.28,0.2,0.2,0.4,0.0,0.0,0,0,1.08,,
2025-03-14 06:30:00+00:00,6.78,,0.0,0.28,0.2,0.2,0.4,0.0,0.0,0,0,1.08,,
2025-03-14 06:45:00+00:00,6.78,,0.0,0.28,0.2,0.2,0.4,0.0,0.0,0,0,1.08,,
2025-03-14 07:00:00+00:00,6.61,,0.0,0.3,0.2,0.2,0.4,0.0,0.0,0,0,1.1,1016.36,
2025-03-14 07:15:00+00:00,6.61,,0.0,0.3,0.2,0.2,0.4,0.0,0.0,0,0,1.1,,
2025-03-14 07:30:00+00:00,6.61,,0.0,0.3,0.2,0.2,0.4,0.0,0.0,0,0,1.1,,
2025-03-14 07:45:00+00:00,6.61,,0.0,0.3,0.2,0.2,0.4,0.0,0.0,0,0,1.1,,
2025-03-14 08:00:00+00:00,6.1,,0.0,0.24,0.2,0.2,0.4,0.0,0.0,0,0,1.04,1084.39,
2025-03-14 08:15:00+00:00,6.1,,0.0,0.24,0.2,0.2,0.4,0.0,0.0,0,0,1.04,,
2025-03-14 08:30:00+00:00,6.1,,0.0,0.24,0.2,0.2,0.4,0.0,0.0,0,0,1.04,,
2025-03-14 08:45:00+00:00,6.1,,0.0,0.24,0.2,0.2,0.4,0.0,0.0,0,0,1.04,,
2025-03-14 09:00:00+00:00,5.59,,0.0,0.1,0.2,0.2,0.4,0.0,0.0,0,0,0.9,1024.35,
2025-03-14 09:15:00+00:00,5.59,,0.0,0.1,0.2,0.2,0.4,0.0,0.0,0,0,0.9,,
2025-03-14 09:30:00+00:00,5.59,,0.0,0.1,0.2,0.2,0.4,0.0,0.0,0,0,0.9,,
2025-03-14 09:45:00+00:00,5.59,,0.0,0.1,0.2,0.2,0.4,0.0,0.0,0,0,0.9,,
2025-03-14 10:00:00+00:00,5.18,,0.0,0.09,0.2,0.2,0.4,0.0,0.0,0,0,0.89,880.35,
2025-03-14 10:15:00+00:00,5.18,,0.0,0.09,0.2,0.2,0.4,0.0,0.0,0,0,0.89,,
2025-03-14 10:30:00+00:00,5.18,,0.0,0.09,0.2,0.2,0.4,0.0,0.0,0,0,0.89,,
2025-03-14 10:45:00+00:00,5.18,,0.0,0.09,0.2,0.2,0.4,0.0,0.0,0,0,0.89,,
2025-03-14 11:00:00+00:00,4.9,,0.0,0.1,0.2,0.2,0.4,0.0,0.0,0,0,0.9,751.3,
2025-03-14 11:15:00+00:00,4.9,,0.0,0.1,0.2,0.2,0.4,0.0,0.0,0,0,0.9,,
2025-03-14 11:30:00+00:00,4.9,,0.0,0.1,0.2,0.2,0.4,0.0,0.0,0,0,0.9,,
2025-03-14 11:45:00+00:00,4.9,,0.0,0.1,0.2,0.2,0.4,0.0,0.0,0,0,0.9,,
2025-03-14 12:00:00+00:00,4.69,,0.0,0.09,0.2,0.2,0.4,0.0,0.0,0,0,0.89,666.73,
2025-03-14 12:15:00+00:00,4.69,,0.0,0.09,0.2,0.2,0.4,0.0,0.0,0,0,0.89,,
2025-03-14 12:30:00+00:00,4.69,,0.0,0.09,0.2,0.2,0.4,0.0,0.0,0,0,0.89,,
2025-03-14 12:45:00+00:00,4.69,,0.0,0.09,0.2,0.2,0.4,0.0,0.0,0,0,0.89,,
2025-03-14 13:00:00+00:00,4.49,,12.0,0.07,0.2,0.2,0.4,0.0,0.0,0,0,12.87,604.03,
2025-03-14 13:15:00+00:00,4.49,,12.0,0.07,0.2,0.2,0.4,0.0,0.0,0,0,12.87,,
2025-03-14 13:30:00+00:00,4.49,,12.0,0.07,0.2,0.2,0.4,0.0,0.0,0,0,12.87,,
2025-03-14 13:45:00+00:00,4.49,,12.0,0.07,0.2,0.2,0.4,0.0,0.0,0,0,12.87,,
2025-03-14 14:00:00+00:00,4.19,,12.0,0.1,0.2,0.2,0.4,0.0,0.0,0,0,12.9,567.09,
2025-03-14 14:15:00+00:00,4.19,,12.0,0.1,0.2,0.2,0.4,0.0,0.0,0,0,12.9,,
2025-03-14 14:30:00+00:00,4.19,,12.0,0.1,0.2,0.2,0.4,0.0,0.0,0,0,12.9,,
2025-03-14 14:45:00+00:00,4.19,,12.0,0.1,0.2,0.2,0.4,0.0,0.0,0,0,12.9,,
2025-03-14 15:00:00+00:00,3.84,,12.0,0.1,0.2,0.2,0.4,0.0,0.0,0,0,12.9,557.07,
2025-03-14 15:15:00+00:00,3.84,,12.0,0.1,0.2,0.2,0.4,0.0,0.0,0,0,12.9,,
2025-03-14 15:30:00+00:00,3.84,,12.0,0.1,0.2,0.2,0.4,0.0,0.0,0,0,12.9,,
2025-03-14 15:45:00+00:00,3.84,,12.0,0.1,0.2,0.2,0.4,0.0,0.0,0,0,12.9,,
2025-03-14 16:00:00+00:00,3.66,,0.0,0.09,0.2,0.2,0.4,0.0,0.0,0,0,0.89,634.63,
2025-03-14 16:15:00+00:00,3.66,,0.0,0.09,0.2,0.2,0.4,0.0,0.0,0,0,0.89,,
2025-03-14 16:30:00+00:00,3.66,,0.0,0.09,0.2,0.2,0.4,0.0,0.0,0,0,0.89,,
2025-03-14 16:45:00+00:00,3.66,,0.0,0.09,0.2,0.2,0.4,0.0,0.0,0,0,0.89,,
2025-03-14 17:00:00+00:00,3.54,,0.0,0.09,0.2,0.2,0.4,0.0,0.0,0,0,0.89,785.39,
2025-03-14 17:15:00+00:00,3.54,,0.0,0.09,0.2,0.2,0.4,0.0,0.0,0,0,0.89,,
2025-03-14 17:30:00+00:00,3.54,,0.0,0.09,0.2,0.2,0.4,0.0,0.0,0,0,0.89,,
2025-03-14 17:45:00+00:00,3.54,,0.0,0.09,0.2,0.2,0.4,0.0,0.0,0,0,0.89,,
2025-03-14 18:00:00+00:00,3.62,,0.0,0.08,0.2,0.2,0.4,0.0,0.0,0,0,0.88,881.54,
2025-03-14 18:15:00+00:00,3.62,,0.0,0.08,0.2,0.2,0.4,0.0,0.0,0,0,0.88,,
2025-03-14 18:30:00+00:00,3.62,,0.0,0.08,0.2,0.2,0.4,0.0,0.0,0,0,0.88,,
2025-03-14 18:45:00+00:00,3.62,,0.0,0.08,0.2,0.2,0.4,0.0,0.0,0,0,0.88,,
2025-03-14 19:00:00+00:00,3.79,,0.0,0.1,0.2,0.2,0.4,0.0,0.0,0,0,0.9,917.35,
2025-03-14 19:15:00+00:00,3.79,,0.0,0.1,0.2,0.2,0.4,0.0,0.0,0,0,0.9,,
2025-03-14 19:30:00+00:00,3.79,,0.0,0.1,0.2,0.2,0.4,0.0,0.0,0,0,0.9,,
2025-03-14 19:45:00+00:00,3.79,,0.0,0.1,0.2,0.2,0.4,0.0,0.0,0,0,0.9,,
2025-03-14 20:00:00+00:00,4.03,,0.0,0.09,0.2,0.2,0.4,0.0,0.0,0,0,0.89,863.6,
2025-03-14 20:15:00+00:00,4.03,,0.0,0.09,0.2,0.2,0.4,0.0,0.0,0,0,0.89,,
2025-03-14 20:30:00+00:00,4.03,,0.0,0.09,0.2,0.2,0.4,0.0,0.0,0,0,0.89,,
2025-03-14 20:45:00+00:00,4.03,,0.0,0.09,0.2,0.2,0.4,0.0,0.0,0,0,0.89,,
2025-03-14 21:00:00+00:00,4.38,,0.0,0.07,0.2,0.2,0.4,0.0,0.0,0,0,0.87,783.05,
2025-03-14 21:15:00+00:00,4.38,,0.0,0.07,0.2,0.2,0.4,0.0,0.0,0,0,0.87,,
2025-03-14 21:30:00+00:00,4.38,,0.0,0.07,0.2,0.2,0.4,0.0,0.0,0,0,0.87,,
2025-03-14 21:45:00+00:00,4.38,,0.0,0.07,0.2,0.2,0.4,0.0,0.0,0,0,0.87,,
2025-03-14 22:00:00+00:00,5.05,,0.0,0.07,0.2,0.2,0.4,0.0,0.0,0,0,0.87,655.21,
2025-03-14 22:15:00+00:00,5.05,,0.0,0.07,0.2,0.2,0.4,0.0,0.0,0,0,0.87,,
2025-03-14 22:30:00+00:00,5.05,,0.0,0.07,0.2,0.2,0.4,0.0,0.0,0,0,0.87,,
2025-03-14 22:45:00+00:00,5.05,,0.0,0.07,0.2,0.2,0.4,0.0,0.0,0,0,0.87,,
2025-03-14 23:00:00+00:00,5.13,,0.0,0.07,0.0,0.0,0.0,0.0,0.0,0,0,0.07,612.45,
2025-03-14 23:15:00+00:00,5.13,,0.0,0.07,0.0,0.0,0.0,0.0,0.0,0,0,0.07,,
2025-03-14 23:30:00+00:00,5.13,,0.0,0.07,0.0,0.0,0.0,0.0,0.0,0,0,0.07,,
2025-03-14 23:45:00+00:00,5.13,,0.0,0.07,0.0,0.0,0.0,0.0,0.0,0,0,0.07,,
2025-03-15 00:00:00+00:00,5.4,,0.0,0.07,0.0,0.0,0.0,0.0,0.0,0,0,0.07,587.86,
2025-03-15 00:15:00+00:00,5.4,,0.0,0.07,0.0,0.0,0.0,0.0,0.0,0,0,0.07,,
2025-03-15 00:30:00+00:00,5.4,,0.0,0.07,0.0,0.0,0.0,0.0,0.0,0,0,0.07,,
2025-03-15 00:45:00+00:00,5.4,,0.0,0.07,0.0,0.0,0.0,0.0,0.0,0,0,0.07,,
2025-03-15 01:00:00+00:00,5.74,,0.0,0.06,0.0,0.0,0.0,0.0,0.0,0,0,0.06,587.92,
2025-03-15 01:15:00+00:00,5.74,,0.0,0.06,0.0,0.0,0.0,0.0,0.0,0,0,0.06,,
2025-03-15 01:30:00+00:00,5.74,,0.0,0.06,0.0,0.0,0.0,0.0,0.0,0,0,0.06,,
2025-03-15 01:45:00+00:00,5.74,,0.0,0.06,0.0,0.0,0.0,0.0,0.0,0,0,0.06,,
2025-03-15 02:00:00+00:00,5.97,,0.0,0.07,0.0,0.0,0.0,0.0,0.0,0,0,0.07,559.72,
2025-03-15 02:15:00+00:00,5.97,,0.0,0.07,0.0,0.0,0.0,0.0,0.0,0,0,0.07,,
2025-03-15 02:30:00+00:00,5.97,,0.0,0.07,0.0,0.0,0.0,0.0,0.0,0,0,0.07,,
2025-03-15 02:45:00+00:00,5.97,,0.0,0.07,0.0,0.0,0.0,0.0,0.0,0,0,0.07,,
2025-03-15 03:00:00+00:00,6.1,,0.0,0.08,0.0,0.0,0.0,0.0,0.0,0,0,0.08,495.27,
2025-03-15 03:15:00+00:00,6.1,,0.0,0.08,0.0,0.0,0.0,0.0,0.0,0,0,0.08,,
2025-03-15 03:30:00+00:00,6.1,,0.0,0.08,0.0,0.0,0.0,0.0,0.0,0,0,0.08,,
2025-03-15 03:45:00+00:00,6.1,,0.0,0.08,0.0,0.0,0.0,0.0,0.0,0,0,0.08,,
2025-03-15 04:00:00+00:00,5.98,,0.0,0.07,0.0,0.0,0.0,0.0,0.0,0,0,0.07,466.66,
2025-03-15 04:15:00+00:00,5.98,,0.0,0.07,0.0,0.0,0.0,0.0,0.0,0,0,0.07,,
2025-03-15 04:30:00+00:00,5.98,,0.0,0.07,0.0,0.0,0.0,0.0,0.0,0,0,0.07,,
2025-03-15 04:45:00+00:00,5.98,,0.0,0.07,0.0,0.0,0.0,0.0,0.0,0,0,0.07,,
2025-03-15 05:00:00+00:00,6.19,,0.0,0.07,0.0,0.0,0.0,0.0,0.0,0,0,0.07,459.67,
2025-03-15 05:15:00+00:00,6.19,,0.0,0.07,0.0,0.0,0.0,0.0,0.0,0,0,0.07,,
2025-03-15 05:30:00+00:00,6.19,,0.0,0.07,0.0,0.0,0.0,0.0,0.0,0,0,0.07,,
2025-03-15 05:45:00+00:00,6.19,,0.0,0.07,0.0,0.0,0.0,0.0,0.0,0,0,0.07,,
2025-03-15 06:00:00+00:00,6.04,,0.0,0.07,0.0,0.0,0.0,0.0,0.0,0,0,0.07,500.31,
2025-03-15 06:15:00+00:00,6.04,,0.0,0.07,0.0,0.0,0.0,0.0,0.0,0,0,0.07,,
2025-03-15 06:30:00+00:00,6.04,,0.0,0.07,0.0,0.0,0.0,0.0,0.0,0,0,0.07,,
2025-03-15 06:45:00+00:00,6.04,,0.0,0.07,0.0,0.0,0.0,0.0,0.0,0,0,0.07,,
2025-03-15 07:00:00+00:00,5.4,,0.0,0.07,0.0,0.0,0.0,0.0,0.0,0,0,0.07,625.54,
2025-03-15 07:15:00+00:00,5.4,,0.0,0.07,0.0,0.0,0.0,0.0,0.0,0,0,0.07,,
2025-03-15 07:30:00+00:00,5.4,,0.0,0.07,0.0,0.0,0.0,0.0,0.0,0,0,0.07,,
2025-03-15 07:45:00+00:00,5.4,,0.0,0.07,0.0,0.0,0.0,0.0,0.0,0,0,0.07,,
2025-03-15 08:00:00+00:00,4.46,,0.0,0.07,0.0,0.0,0.0,0.0,0.0,0,0,0.07,702.08,
2025-03-15 08:15:00+00:00,4.46,,0.0,0.07,0.0,0.0,0.0,0.0,0.0,0,0,0.07,,
2025-03-15 08:30:00+00:00,4.46,,0.0,0.07,0.0,0.0,0.0,0.0,0.0,0,0,0.07,,
2025-03-15 08:45:00+00:00,4.46,,0.0,0.07,0.0,0.0,0.0,0.0,0.0,0,0,0.07,,
2025-03-15 09:00:00+00:00,3.61,,0.0,0.01,0.0,0.0,0.0,0.0,0.0,0,0,0.01,676.42,
2025-03-15 09:15:00+00:00,3.61,,0.0,0.01,0.0,0.0,0.0,0.0,0.0,0,0,0.01,,
2025-03-15 09:30:00+00:00,3.61,,0.0,0.01,0.0,0.0,0.0,0.0,0.0,0,0,0.01,,
2025-03-15 09:45:00+00:00,3.61,,0.0,0.01,0.0,0.0,0.0,0.0,0.0,0,0,0.01,,
2025-03-15 10:00:00+00:00,3.46,,0.0,0.01,0.0,0.0,0.0,0.0,0.0,0,0,0.01,581.08,
2025-03-15 10:15:00+00:00,3.46,,0.0,0.01,0.0,0.0,0.0,0.0,0.0,0,0,0.01,,
2025-03-15 10:30:00+00:00,3.46,,0.0,0.01,0.0,0.0,0.0,0.0,0.0,0,0,0.01,,
2025-03-15 10:45:00+00:00,3.46,,0.0,0.01,0.0,0.0,0.0,0.0,0.0,0,0,0.01,,
2025-03-15 11:00:00+00:00,3.29,,0.0,0.01,0.0,0.0,0.0,0.0,0.0,0,0,0.01,476.58,
2025-03-15 11:15:00+00:00,3.29,,0.0,0.01,0.0,0.0,0.0,0.0,0.0,0,0,0.01,,
2025-03-15 11:30:00+00:00,3.29,,0.0,0.01,0.0,0.0,0.0,0.0,0.0,0,0,0.01,,
2025-03-15 11:45:00+00:00,3.29,,0.0,0.01,0.0,0.0,0.0,0.0,0.0,0,0,0.01,,
2025-03-15 12:00:00+00:00,3.13,,0.0,0.01,0.0,0.0,0.0,0.0,0.0,0,0,0.01,403.42,
2025-03-15 12:15:00+00:00,3.13,,0.0,0.01,0.0,0.0,0.0,0.0,0.0,0,0,0.01,,
2025-03-15 12:30:00+00:00,3.13,,0.0,0.01,0.0,0.0,0.0,0.0,0.0,0,0,0.01,,
2025-03-15 12:45:00+00:00,3.13,,0.0,0.01,0.0,0.0,0.0,0.0,0.0,0,0,0.01,,
2025-03-15 13:00:00+00:00,3.05,,0.0,0.01,0.0,0.0,0.0,0.0,0.0,0,0,0.01,356.85,
2025-03-15 13:15:00+00:00,3.05,,0.0,0.01,0.0,0.0,0.0,0.0,0.0,0,0,0.01,,
2025-03-15 13:30:00+00:00,3.05,,0.0,0.01,0.0,0.0,0.0,0.0,0.0,0,0,0.01,,
2025-03-15 13:45:00+00:00,3.05,,0.0,0.01,0.0,0.0,0.0,0.0,0.0,0,0,0.01,,
2025-03-15 14:00:00+00:00,3.14,,0.0,0.01,0.0,0.0,0.0,0.0,0.0,0,0,0.01,345.48,
2025-03-15 14:15:00+00:00,3.14,,0.0,0.01,0.0,0.0,0.0,0.0,0.0,0,0,0.01,,
2025-03-15 14:30:00+00:00,3.14,,0.0,0.01,0.0,0.0,0.0,0.0,0.0,0,0,0.01,,
2025-03-15 14:45:00+00:00,3.14,,0.0,0.01,0.0,0.0,0.0,0.0,0.0,0,0,0.01,,
2025-03-15 15:00:00+00:00,3.34,,0.0,0.01,0.0,0.0,0.0,0.0,0.0,0,0,0.01,372.81,
2025-03-15 15:15:00+00:00,3.34,,0.0,0.01,0.0,0.0,0.0,0.0,0.0,0,0,0.01,,
2025-03-15 15:30:00+00:00,3.34,,0.0,0.01,0.0,0.0,0.0,0.0,0.0,0,0,0.01,,
2025-03-15 15:45:00+00:00,3.34,,0.0,0.01,0.0,0.0,0.0,0.0,0.0,0,0,0.01,,
2025-03-15 16:00:00+00:00,3.62,,0.0,0.01,0.0,0.0,0.0,0.0,0.0,0,0,0.01,511.56,
2025-03-15 16:15:00+00:00,3.62,,0.0,0.01,0.0,0.0,0.0,0.0,0.0,0,0,0.01,,
2025-03-15 16:30:00+00:00,3.62,,0.0,0.01,0.0,0.0,0.0,0.0,0.0,0,0,0.01,,
2025-03-15 16:45:00+00:00,3.62,,0.0,0.01,0.0,0.0,0.0,0.0,0.0,0,0,0.01,,
2025-03-15 17:00:00+00:00,3.91,,0.0,0.01,0.0,0.0,0.0,0.0,0.0,0,0,0.01,652.28,
2025-03-15 17:15:00+00:00,3.91,,0.0,0.01,0.0,0.0,0.0,0.0,0.0,0,0,0.01,,
2025-03-15 17:30:00+00:00,3.91,,0.0,0.01,0.0,0.0,0.0,0.0,0.0,0,0,0.01,,
2025-03-15 17:45:00+00:00,3.91,,0.0,0.01,0.0,0.0,0.0,0.0,0.0,0,0,0.01,,
2025-03-15 18:00:00+00:00,4.32,,0.0,0.01,0.0,0.0,0.0,0.0,0.0,0,0,0.01,776.06,
2025-03-15 18:15:00+00:00,4.32,,0.0,0.01,0.0,0.0,0.0,0.0,0.0,0,0,0.01,,
2025-03-15 18:30:00+00:00,4.32,,0.0,0.01,0.0,0.0,0.0,0.0,0.0,0,0,0.01,,
2025-03-15 18:45:00+00:00,4.32,,0.0,0.01,0.0,0.0,0.0,0.0,0.0,0,0,0.01,,
2025-03-15 19:00:00+00:00,4.69,,0.0,0.01,0.0,0.0,0.0,0.0,0.0,0,0,0.01,840.58,
2025-03-15 19:15:00+00:00,4.69,,0.0,0.01,0.0,0.0,0.0,0.0,0.0,0,0,0.01,,
2025-03-15 19:30:00+00:00,4.69,,0.0,0.01,0.0,0.0,0.0,0.0,0.0,0,0,0.01,,
2025-03-15 19:45:00+00:00,4.69,,0.0,0.01,0.0,0.0,0.0,0.0,0.0,0,0,0.01,,
2025-03-15 20:00:00+00:00,4.9,,0.0,0.01,0.0,0.0,0.0,0.0,0.0,0,0,0.01,828.8,
2025-03-15 20:15:00+00:00,4.9,,0.0,0.01,0.0,0.0,0.0,0.0,0.0,0,0,0.01,,
2025-03-15 20:30:00+00:00,4.9,,0.0,0.01,0.0,0.0,0.0,0.0,0.0,0,0,0.01,,
2025-03-15 20:45:00+00:00,4.9,,0.0,0.01,0.0,0.0,0.0,0.0,0.0,0,0,0.01,,
2025-03-15 21:00:00+00:00,4.89,,0.0,0.01,0.0,0.0,0.0,0.0,0.0,0,0,0.01,762.35,
2025-03-15 21:15:00+00:00,4.89,,0.0,0.01,0.0,0.0,0.0,0.0,0.0,0,0,0.01,,
2025-03-15 21:30:00+00:00,4.89,,0.0,0.01,0.0,0.0,0.0,0.0,0.0,0,0,0.01,,
2025-03-15 21:45:00+00:00,4.89,,0.0,0.01,0.0,0.0,0.0,0.0,0.0,0,0,0.01,,
2025-03-15 22:00:00+00:00,4.74,,0.0,0.01,0.0,0.0,0.0,0.0,0.0,0,0,0.01,682.77,
2025-03-15 22:15:00+00:00,4.74,,0.0,0.01,0.0,0.0,0.0,0.0,0.0,0,0,0.01,,
2025-03-15 22:30:00+00:00,4.74,,0.0,0.01,0.0,0.0,0.0,0.0,0.0,0,0,0.01,,
2025-03-15 22:45:00+00:00,4.74,,0.0,0.01,0.0,0.0,0.0,0.0,0.0,0,0,0.01,,
